<?xml version="1.0" encoding="UTF-8"?>
<!DOCTYPE mapper PUBLIC "-//mybatis.org//DTD Mapper 3.0//EN" "http://mybatis.org/dtd/mybatis-3-mapper.dtd">

<mapper namespace="com.ProcurementSystem.dao.ISupplierSQMDao">
	<resultMap id="SQMMap" type="com.ProcurementSystem.entity.SupplierSQM">
		<result property="id" column="id" />
		<result property="title" column="title" />
		<result property="description" column="description" />
		<result property="commodity" column="commodity" />
		<result property="status" column="status" />
		<result property="validTo" column="valid_to" />
		<result property="lastValid" column="last_valid" />
		<association property="supplier" javaType="com.ProcurementSystem.entity.Supplier">
			<id property="uniqueName" column="supplierId" />
		</association>
		<association property="user" javaType="com.ProcurementSystem.entity.User">
			<id property="uniqueName" column="userId" />
			<id property="name" column="userName" />
		</association>
		<!-- association property: entity class里的实体名称
						 javaType: entity class
				id		 property: entity class attribute
						 column:   consistance with the following *** as ___
		-->
	</resultMap>

	<insert id="insertSQM" parameterType="com.ProcurementSystem.entity.SupplierSQM">
		insert into supplier_sqm(id, title, description, commodity, status, valid_to, 
		last_valid, supplier_id, user_id)
		values(#{id}, #{title}, #{description}, #{commodity}, #{status}, #{validTo},
		#{lastValid}, #{supplier.uniqueName}, #{user.uniqueName});
	</insert>
	
	<select id="searchAllSupplierSQM" resultMap="SQMMap">
		select 
			id as id,
			title as title,
			description as description,
			commodity as commodity,
			valid_to as validTo,
			last_valid as lastValid,
			supplier_id as supplierId,
			user_id as userId,
			status as status
		from supplier_sqm;
	</select>
	
	<select id="getMaxId" resultType="int">
		select max(id) from supplier_sqm;
	</select>
	
	<select id="getSupplierSQM" parameterType="int" resultMap="SQMMap">
		select 
			id as id,
			title as title,
			description as description,
			commodity as commodity,
			valid_to as validTo,
			last_valid as lastValid,
			supplier_id as supplierId,
			user_id as userId,
			status as status
		from supplier_sqm
		where id = #{id};
	</select>
	
	<select id="searchSupplierSQM" parameterType="String" resultMap="SQMMap">
		select
			id as id,
			title as title,
			description as description,
			commodity as commodity,
			valid_to as validTo,
			last_valid as lastValid,
			supplier_id as supplierId,
			user_id as userId,
			status as status
		from supplier_sqm
		where title like concat("%",#{title},"%");
	</select>
	
	<update id="updateSQMStatus" parameterType="com.ProcurementSystem.entity.SupplierSQM">
		update supplier_sqm
		<set>	
			status=#{status}
		</set>
		where id = #{id};
	</update>
	
</mapper>