<?xml version="1.0" encoding="UTF-8"?>
<beans xmlns="http://www.springframework.org/schema/beans" xmlns:xsi="http://www.w3.org/2001/XMLSchema-instance"
    xmlns:util="http://www.springframework.org/schema/util" xmlns:context="http://www.springframework.org/schema/context"
    xmlns:jdbc="http://www.springframework.org/schema/jdbc" xmlns:jee="http://www.springframework.org/schema/jee"
    xmlns:tx="http://www.springframework.org/schema/tx"
    xmlns:task="http://www.springframework.org/schema/task"
    xsi:schemaLocation="
        http://www.springframework.org/schema/beans http://www.springframework.org/schema/beans/spring-beans-4.0.xsd
        http://www.springframework.org/schema/context http://www.springframework.org/schema/context/spring-context-4.0.xsd
        http://www.springframework.org/schema/jdbc http://www.springframework.org/schema/jdbc/spring-jdbc-4.0.xsd
        http://www.springframework.org/schema/jee http://www.springframework.org/schema/jee/spring-jee-4.0.xsd
        http://www.springframework.org/schema/tx http://www.springframework.org/schema/tx/spring-tx-4.0.xsd 
        http://www.springframework.org/schema/util http://www.springframework.org/schema/util/spring-util-4.0.xsd 
        http://www.springframework.org/schema/task http://www.springframework.org/schema/task/spring-task-4.0.xsd">

    <description>Spring公共配置</description>
 	
    <!-- 开启定时任务 -->
    <task:annotation-driven/>

    <!-- MyBatis配置 -->
    <bean id="sqlSessionFactory" class="org.mybatis.spring.SqlSessionFactoryBean">
        <property name="dataSource" ref="dataSource" />
        <!-- 显式指定Mapper文件位置 -->
		<property name="mapperLocations" value="classpath*:/mybatis/*Mapper.xml" />
		<!-- mybatis配置文件路径 -->
        <property name="configLocation" value="classpath:/mybatis/config.xml"/>    
    </bean>
    
    <bean id="sqlSessionTemplate" class="org.mybatis.spring.SqlSessionTemplate">
       <constructor-arg index="0" ref="sqlSessionFactory" />
       <!-- 这个执行器会批量执行更新语句, 还有SIMPLE 和 REUSE -->
       <constructor-arg index="1" value="BATCH" />
    </bean>

    <!-- 扫描basePackage接口 -->
    <bean class="org.mybatis.spring.mapper.MapperScannerConfigurer">
    	<!-- 映射器接口文件的包路径， -->
        <property name="basePackage" value="com.ProcurementSystem.dao" />
    </bean>

    <!-- 使用annotation定义事务 -->
    <bean id="transactionManager" class="org.springframework.jdbc.datasource.DataSourceTransactionManager">
        <property name="dataSource" ref="dataSource"></property>
    </bean>
    <tx:annotation-driven transaction-manager="transactionManager" proxy-target-class="true" />

    <!-- 数据源配置, 使用Tomcat JDBC连接池 -->
    <bean id="dataSource" class="org.apache.tomcat.jdbc.pool.DataSource" destroy-method="close">
        <!-- Connection Info -->
        <property name="driverClassName" value="${jdbc.driver}" />
        <property name="url" value="${jdbc.url}" />
        <property name="username" value="${jdbc.username}" />
        <property name="password" value="${jdbc.password}" />

        <!-- Connection Pooling Info -->
        <property name="maxActive" value="${jdbc.pool.maxActive}" />
        <property name="maxIdle" value="${jdbc.pool.maxIdle}" />
        <property name="minIdle" value="0" />
        <property name="defaultAutoCommit" value="false" />
    </bean>

    <!-- production环境 -->
    <beans profile="production">
        <context:property-placeholder ignore-unresolvable="true" file-encoding="utf-8" 
        location="classpath:config.properties,classpath:jdbc.properties" />
    </beans>

</beans>